image_id,label
sun_aaasertfihkcjvdd.jpg,
sun_aacfrhytikkutehw.jpg,
sun_aaktfbbtunkmuigp.jpg,
sun_aalizhzvynldxzuz.jpg,
sun_aapgbstqtperfdda.jpg,
sun_aaslhqptbnesgqqa.jpg,
sun_aauejrawtzkkrtek.jpg,
sun_aauevrocldhsvfuv.jpg,
sun_aavmchfjuxkpmnuv.jpg,
sun_abaphnxfsvmfyswq.jpg,
sun_abapoetlexbixnxd.jpg,
sun_abbwcnknctlkzvxj.jpg,
sun_abcravnfiujxjjqo.jpg,
sun_abfelgkioejrcugp.jpg,
sun_abhubrdcotjxykwa.jpg,
sun_abifulbsubnmkgek.jpg,
sun_abljhytlyqmpjqco.jpg,
sun_aboufiwvrisivsto.jpg,
sun_abpycgxuwcrdvhuu.jpg,
sun_abrkavahmpmjouxn.jpg,
sun_acdcdyslshmuqkkc.jpg,
sun_acdhtehhvcztypyi.jpg,
sun_aciogupxrimayjmk.jpg,
sun_acjrjuvldtsjqdri.jpg,
sun_acoikyfqpgaxzupw.jpg,
sun_acpxpptvngiwlxvy.jpg,
sun_actojnduntfubowp.jpg,
sun_actrxglzfmhqxvzs.jpg,
sun_actsfskkwgfsvsje.jpg,
sun_acudluzeadhphemb.jpg,
sun_acumhifjbjnytyth.jpg,
sun_acxdijcmkawhkhob.jpg,
sun_adbhgoutrrryfwya.jpg,
sun_adeeublvfvdkgegg.jpg,
sun_adgrxgxkwzynobeq.jpg,
sun_adipubswapszydgc.jpg,
sun_adlijekeylydmvfh.jpg,
sun_adohktpblbjsuugn.jpg,
sun_adouftgdrzsideja.jpg,
sun_adpkybmmdryewgqx.jpg,
sun_adzulrsuqyxlduvg.jpg,
sun_aeaquioaeztnvcgd.jpg,
sun_aecbdfghnmqrcpsn.jpg,
sun_aedoqxondjpzptwx.jpg,
sun_aefgfkxfvzwcjunm.jpg,
sun_aekhszyyonbgreke.jpg,
sun_aeldkedqeopyedlo.jpg,
sun_aellatipizmphwee.jpg,
sun_aenplgiffjundqtl.jpg,
sun_aenxmdfrmscgtmei.jpg,
sun_aenxuqiabiderulj.jpg,
sun_aeqbtnsgwtjohxky.jpg,
sun_aetgmsnvybnfemcz.jpg,
sun_aetoqpebhuezezpk.jpg,
sun_aeunztfatpchehze.jpg,
sun_aexxsigqdyibvfev.jpg,
sun_aeyeilfqxmqncaqn.jpg,
sun_affyvszgwamwlyyy.jpg,
sun_afhkqgbquochtoin.jpg,
sun_afkzmmcpnlzldkqi.jpg,
sun_aflltnelhxzuvgpn.jpg,
sun_afpcaiuwcnsmxcdo.jpg,
sun_afqnlyxxgdxikkpn.jpg,
sun_afwfxsqbnhcwzjzz.jpg,
sun_agcykbrgtrrufclq.jpg,
sun_aggdmohbkywnjcho.jpg,
sun_agglppfdhvzqbiud.jpg,
sun_aghgnaxbqsiwukrq.jpg,
sun_aghzasltbjyydgbz.jpg,
sun_agkhdmuzkdudqpgi.jpg,
sun_agrqmfpjfymaujyu.jpg,
sun_agtpyiscmdidhpgk.jpg,
sun_agwmiqwlreupuwqs.jpg,
sun_agwpnbjmldnxlaei.jpg,
sun_agyforanugtijxll.jpg,
sun_ahautzesceregugc.jpg,
sun_ahbhdoofrfqnuqzm.jpg,
sun_ahblzdbdwnupmfkb.jpg,
sun_ahbvxezbavapqote.jpg,
sun_ahfjvbvsklwyxyzo.jpg,
sun_ahihhtiqlhpcpigw.jpg,
sun_ahjkrqicctfogtko.jpg,
sun_ahkhvvnvkjevxvvu.jpg,
sun_ahkmdajpogtgsqky.jpg,
sun_ahqrxievfeusiqlt.jpg,
sun_ahxhlqjbyohhtxqc.jpg,
sun_aidgpupkpbnajhve.jpg,
sun_aiewkbdqlkwfxsqd.jpg,
sun_aifopvsieesoqvlx.jpg,
sun_aihzgllcemtnccyu.jpg,
sun_aiqcszvwjedjffsm.jpg,
sun_aistpcfomspljovc.jpg,
sun_aitbizddxphxbtdz.jpg,
sun_aiuvkobxhuzshzrx.jpg,
sun_ajcmrpzpwrdugplf.jpg,
sun_ajcmvkcazxrssaph.jpg,
sun_ajedqzfuiwayrmol.jpg,
sun_ajfsmyfjstbmeypx.jpg,
sun_ajfwfqfhuknlxesi.jpg,
sun_ajicgztfmuzvgbhb.jpg,
sun_ajjrzsfowffpmenr.jpg,
sun_ajkswcnrhlzrfscb.jpg,
sun_ajotvlfstkjjjefo.jpg,
sun_ajykrpnhmisgtqqm.jpg,
sun_ajylyzfgazrpaebu.jpg,
sun_ajyuvidxzkbcvmlf.jpg,
sun_akfcgxperzhjffrl.jpg,
sun_akftxryfvebunotl.jpg,
sun_aknclbtvxfnbmagg.jpg,
sun_akrqzwpxbtbuybsy.jpg,
sun_aksjcjtknewhzlgk.jpg,
sun_aktytmdinuahopob.jpg,
sun_akzchsvqggnkssrf.jpg,
sun_alfpaaessxzjnvyp.jpg,
sun_algspipkgginyard.jpg,
sun_algxrsglpyblmoyf.jpg,
sun_alhxdpwssmpeuwlf.jpg,
sun_alsrwalxrolqygld.jpg,
sun_aluniwpehfmwqtwa.jpg,
sun_amcaauhekqgcuzgj.jpg,
sun_amcsrznodiaquuse.jpg,
sun_amgktbjormhlykpf.jpg,
sun_amleisyxehgmnzvw.jpg,
sun_amodhnyxbauziqor.jpg,
sun_amutmkauvllgeuwj.jpg,
sun_amwyeacknnhuwroe.jpg,
sun_amybwftcnouaduhr.jpg,
sun_amzabkjdhbriyndj.jpg,
sun_anbovyzcbqfgvvbe.jpg,
sun_anciwkaouplaqzyw.jpg,
sun_anddwluixaxvcead.jpg,
sun_andqvwytuiyiarpf.jpg,
sun_angfgziavpvslcpz.jpg,
sun_angvurkuwasqfilo.jpg,
sun_ankdcxrtmoosofpz.jpg,
sun_anmhavsppgedcgkf.jpg,
sun_annmmkwvguurbokh.jpg,
sun_anntoolehkssgoer.jpg,
sun_anoqfgddjrrxtbyl.jpg,
sun_anrerlspqdglgtfy.jpg,
sun_ansezakrhvbqiclq.jpg,
sun_anxzemqdmhpxuitj.jpg,
sun_aocaxozrgmudnwlf.jpg,
sun_aocivbpggwvxhzyn.jpg,
sun_aoeicdziurntilob.jpg,
sun_aoesfhrfzvygpwgd.jpg,
sun_aofinycptujqrfmw.jpg,
sun_aoicxnrddioqcvll.jpg,
sun_aokxtvgodqjjkqcs.jpg,
sun_aopoutsotkrhhybl.jpg,
sun_aopydaexzgysygqp.jpg,
sun_aoryplvccivanmej.jpg,
sun_aosmbhpldtmjdgxs.jpg,
sun_aotwefjxtxqjgurs.jpg,
sun_aotwsxsfqmpvxeff.jpg,
sun_aowohmixdyymwxlf.jpg,
sun_aozdrxlxgvbtqfzs.jpg,
sun_apahgdkbybnvnrgj.jpg,
sun_aphrlepchubmcwso.jpg,
sun_apiifxpzdoxclffz.jpg,
sun_apkaffjahkzqfzjs.jpg,
sun_aptvydhhxlylpwre.jpg,
sun_apuynyhscmuqebia.jpg,
sun_apvuoljpjbcwvjqh.jpg,
sun_aqezpymqkdyxmill.jpg,
sun_aqklimybnopxqcqx.jpg,
sun_aqpbdjchpvraozmj.jpg,
sun_aqsyvbwpnbjiotkt.jpg,
sun_aquewjcrlfkuumay.jpg,
sun_aqzgtkmvkcvfcmdk.jpg,
sun_arankqdebnwaeiuk.jpg,
sun_araukwsfuihryklr.jpg,
sun_arfvdlncjazewcdg.jpg,
sun_arjjwvktalahayrf.jpg,
sun_arqufrhphspuijou.jpg,
sun_artrergbnhvkqyau.jpg,
sun_arwjtcejmnfaahgd.jpg,
sun_arxpieflnpnmqrvj.jpg,
sun_aryaecwafngckrbw.jpg,
sun_arzjwqusedutswyr.jpg,
sun_asdpuubhdaflawcq.jpg,
sun_asefoncrnhdvyadg.jpg,
sun_asizijurqvkagfzo.jpg,
sun_asmvltwlwrpzcqrb.jpg,
sun_asntklkmwqgnjrjj.jpg,
sun_asnvzapizgvkuumd.jpg,
sun_astbhoowyexkhpmc.jpg,
sun_asunjduusfmftaoq.jpg,
sun_asypgrizesowtexx.jpg,
sun_aszhhikrzaotowgn.jpg,
sun_aszvdxfuhivhzcqp.jpg,
sun_athktqpbgdtstgiv.jpg,
sun_athwsmxlhrmtsktx.jpg,
sun_atkmuptskkmzkdpk.jpg,
sun_atlkspittmykamrv.jpg,
sun_atqjwgyxfbbygdkd.jpg,
sun_atrvpyuqvefmqcey.jpg,
sun_atufiinyuedegcme.jpg,
sun_atvyiorhfmmtqpwg.jpg,
sun_atwhanxezmugnhlg.jpg,
sun_aubnnpsvwxjpooqm.jpg,
sun_audgpapzhstzavwr.jpg,
sun_auhlefclssmqolik.jpg,
sun_aukgmwmwymomydpr.jpg,
sun_aulrjngzcxjvadqv.jpg,
sun_aulzqevqndhvrntg.jpg,
sun_autdyjqruevvrfoi.jpg,
sun_autrfzalrsjucjes.jpg,
sun_auuvtwswmaiqdefn.jpg,
sun_avakplmyrpyqagxc.jpg,
sun_avcxqlyvqhbgdzwh.jpg,
sun_avewwdyfislnztqj.jpg,
sun_avghcgyozafiplek.jpg,
sun_avgqrjctymwopkoi.jpg,
sun_avinonlhiriokyih.jpg,
sun_avjyyylnjczvdgmd.jpg,
sun_avqkzfpmxussqzvo.jpg,
sun_avskxhjnqaegsupt.jpg,
sun_avtsuxngajolpclz.jpg,
sun_avzkwfxjgznqgafr.jpg,
sun_awcdsbairvexnqio.jpg,
sun_awchgqmfxrxhopih.jpg,
sun_awepbruziftwtnph.jpg,
sun_awhnhuhnrmiyntus.jpg,
sun_awiedvycwnyykijc.jpg,
sun_awixcywfeuqrsqoe.jpg,
sun_awrdjhjthzfsgxsv.jpg,
sun_awsygjbxsjmksnbc.jpg,
sun_awxacxvrpavdlbgj.jpg,
sun_awzjlghepeldohpz.jpg,
sun_axaycdjxdxiywdni.jpg,
sun_axcrsqfrkgqdsfbv.jpg,
sun_axdbzsbbtwsewvle.jpg,
sun_axkztcmoqyuejshc.jpg,
sun_axlmonjkujrorctc.jpg,
sun_axluhskboicjscwe.jpg,
sun_axnxsxjyejsnqpri.jpg,
sun_axosbnnrnrtpxywp.jpg,
sun_axpyqmtpjupovsxa.jpg,
sun_axwtwmkfcecfajnk.jpg,
sun_axzbipqtoaelmkmg.jpg,
sun_aybnadklcspgrpmx.jpg,
sun_ayeagjomnrxittxd.jpg,
sun_ayktzqdkejnatvyy.jpg,
sun_aylfuhopfxndyaup.jpg,
sun_aylkimootkchapdh.jpg,
sun_ayoqqxeohijpglvj.jpg,
sun_ayqdomfovazqbrak.jpg,
sun_ayqgoskwpvsbllvy.jpg,
sun_ayqqxxckvvubumak.jpg,
sun_ayskfqppjlpjujau.jpg,
sun_ayskllktzbvfqrby.jpg,
sun_ayusnbssbhegmaan.jpg,
sun_azacooyziactoplq.jpg,
sun_azczccgwsggmiyms.jpg,
sun_azeajwriwnkcbrtm.jpg,
sun_azegqdhupinvqhbh.jpg,
sun_azhaadgbytlosaat.jpg,
sun_aznlqnzsxbqyarst.jpg,
sun_azpjfetivojhplyc.jpg,
sun_azslkeavxbnyzrab.jpg,
sun_azudlcycazrwumad.jpg,
sun_azvsoqcorraakyql.jpg,
sun_azzthycspumivnin.jpg,
sun_baalzaxanrjkohzh.jpg,
sun_babhibyavsarjsim.jpg,
sun_bakdnzlwzpnymfna.jpg,
sun_balopercayxtobnd.jpg,
sun_banlwnpqndclffxt.jpg,
sun_bapukpymgcekytpi.jpg,
sun_bbbcnocclrcdzqrt.jpg,
sun_bbdqvuxiaklbcwdr.jpg,
sun_bbgveirypnpcoduj.jpg,
sun_bbkfjepwnojjagax.jpg,
sun_bblypbgsyikralpx.jpg,
sun_bbneintkrueyxwba.jpg,
sun_bbvpuydodqreyizy.jpg,
sun_bbvqfrfodufvilkt.jpg,
sun_bbxgnhemwculvrns.jpg,
sun_bbxnragferwudbgs.jpg,
sun_bcfdedhrcmbnovlr.jpg,
sun_bcfflmoxryslddbb.jpg,
sun_bcigiegiggxkuusm.jpg,
sun_bckmpwwhqjqzrlfq.jpg,
sun_bcoihriznynztaym.jpg,
sun_bcrtbsnnucgmeykm.jpg,
sun_bctriyevlrvywjhr.jpg,
sun_bctxmszzrjierlhy.jpg,
sun_bcwbcdouovepttsx.jpg,
sun_bcxuizlxftdtfsqb.jpg,
sun_bcyqhmsuncrhyodx.jpg,
sun_bdekcgnlcicvgpvq.jpg,
sun_bdfxufxdncobmyiv.jpg,
sun_bdimlottnbmkxzfv.jpg,
sun_bdjszqncotkyqiyr.jpg,
sun_bdlatlavfglzcgrx.jpg,
sun_bdpuyczstbdstjwy.jpg,
sun_bdwealcrgkamenxh.jpg,
sun_bdzhzkylfaxitaxs.jpg,
sun_begcwwrgqilefbhm.jpg,
sun_begiwpgbgtpblavx.jpg,
sun_beimiowhkrapkqvg.jpg,
sun_bencubvwfxwyenyq.jpg,
sun_beneaztxpasyolsh.jpg,
sun_betqzqsbghjqbpgu.jpg,
sun_betsmtjikdezlmyc.jpg,
sun_bevwxvclewebcmwe.jpg,
sun_bexjvwwotacojigg.jpg,
sun_bexywyaohoxavage.jpg,
sun_bfgqyyzefvnzxsjd.jpg,
sun_bfgynanedldbugxa.jpg,
sun_bfhvslkvcsiauvkm.jpg,
sun_bfjmctfeqcgzfmco.jpg,
sun_bflneuixvvoyjddd.jpg,
sun_bflpurrifjtqudae.jpg,
sun_bfmpslwdqiovqpgx.jpg,
sun_bfqkksxqisfiefwe.jpg,
sun_bfqvyxtbphmgnxxj.jpg,
sun_bfsezvcyzizzpipf.jpg,
sun_bfsuzupuvngxsfrq.jpg,
sun_bfuthcrxkrvvhlrr.jpg,
sun_bfwcmpmndjfaulnw.jpg,
sun_bfxjvpafwyxqebzy.jpg,
sun_bfywkcjxsyjgnzdr.jpg,
sun_bfzwqeovxwgoyicg.jpg,
sun_bgdykfpjgudqpzlu.jpg,
sun_bgplcxhhrixuxlbr.jpg,
sun_bgpmezdwfeklpnml.jpg,
sun_bgtxygisvzhhtexp.jpg,
sun_bgwfgycpfxpecepu.jpg,
sun_bgwkqwrsgsmkcwjv.jpg,
sun_bgxpshgwnqvszmau.jpg,
sun_bhapnuxerxejofbw.jpg,
sun_bheqsctduqdilivs.jpg,
sun_bhhyqxpfsvfoknpn.jpg,
sun_bhiqddludalaeuqy.jpg,
sun_bhmnpdlpvqvnhmfn.jpg,
sun_bhxmnakieetnruhm.jpg,
sun_bielirlpqttnjwus.jpg,
sun_bigyiwyihnpodomh.jpg,
sun_bijoiwcxxdfmtdtg.jpg,
sun_bivenjyyzjjrdkdn.jpg,
sun_bivjlqfvqklinepf.jpg,
sun_biwzfjwifflctvji.jpg,
sun_bizregtobozszxps.jpg,
sun_bjbqzqpvcqkquhud.jpg,
sun_bjbytohffvyehsqm.jpg,
sun_bjhjxbxiwopacoyi.jpg,
sun_bjhlrxtrkaywgquf.jpg,
sun_bjialvqzpnbrkgtw.jpg,
sun_bjmzozstvsxisvgx.jpg,
sun_bjrixdkrytcxutts.jpg,
sun_bjsmnejcmbytgkvq.jpg,
sun_bjtyqmounopoklbq.jpg,
sun_bjubyxmcsbdelcvw.jpg,
sun_bjumgodbrjsasfxy.jpg,
sun_bjupfalbupvdhmte.jpg,
sun_bkcksbxuvdhyeyfh.jpg,
sun_bkkfriojhriyiyzm.jpg,
sun_bkrnneadgjiacrsp.jpg,
sun_bksronrsyguydlzk.jpg,
sun_bkzstdviobgjbloz.jpg,
sun_blehjtmlgeuuflys.jpg,
sun_blhgbmkfdxdgcpwt.jpg,
sun_blidfqugapedpstw.jpg,
sun_bljyguxxfiakvvcz.jpg,
sun_blnxzvreaofiqllw.jpg,
sun_bloatayjtnnclwrc.jpg,
sun_blowkvgbxsrtaqno.jpg,
sun_bloyzyteahnxdjxk.jpg,
sun_blryqegkipzgphxc.jpg,
sun_blwrlbwpetbuwgsj.jpg,
sun_bmdfqlnehnqxisak.jpg,
sun_bmhrprhltuchjfxs.jpg,
sun_bmptqhlydjbtwdgo.jpg,
sun_bmqttnmzyrsaugsf.jpg,
sun_bmsytzlavrgxwrex.jpg,
sun_bmuncwaehiggbmlv.jpg,
sun_bnbpcennkqtqtjko.jpg,
sun_bnhseipqoimcwykz.jpg,
sun_bnjgetueotwvwjkl.jpg,
sun_bnkjbxtjtryyevmt.jpg,
sun_bnodbxtjgunyrtbb.jpg,
sun_bnokhadzxslvdqrc.jpg,
sun_bnsizqyqblmyoaui.jpg,
sun_bnsnvxjhmwpigxog.jpg,
sun_bntabmgdoxtouwyl.jpg,
sun_boauminurvypltgk.jpg,
sun_bocjgltcfwvfaxzv.jpg,
sun_bodztccnimcztxrv.jpg,
sun_bofakjvzflfwxapl.jpg,
sun_boftuzaqyenkcfjo.jpg,
sun_bogrjjelveuftxwk.jpg,
sun_boigrhsxiwindvhs.jpg,
sun_bonrjillvmeselou.jpg,
sun_borwjsuvnbqsrkif.jpg,
sun_bovvpyyvwwduknfa.jpg,
sun_bowpwajabvawmgpg.jpg,
sun_boxvtquzpskwymcz.jpg,
sun_bpbccjnacefyiqbe.jpg,
sun_bpffynudnfkdhxah.jpg,
sun_bpjvblqvcdspzsxo.jpg,
sun_bppxxbddlnhawdxl.jpg,
sun_bptqhzxswimgqstb.jpg,
sun_bpvpikijtguhrebi.jpg,
sun_bqdpwgvloqtatykd.jpg,
sun_bqgbombvaeyvtqgd.jpg,
sun_bqhhkjvawdgapyqa.jpg,
sun_bqogrroaqmlmjevw.jpg,
sun_bqqcmsvuhkbfarjg.jpg,
sun_bquifvxnuhixguva.jpg,
sun_bqwxdcovbuahfzcs.jpg,
sun_bqyyygispdsapddg.jpg,
sun_brbaklxmaibuptub.jpg,
sun_brfusqvtsyyonhyk.jpg,
sun_brhpjebzpqhxlgbd.jpg,
sun_brjrftlpegwpbdou.jpg,
sun_brjwuhyqwaizvhzq.jpg,
sun_brregxzssuscbewb.jpg,
sun_brsrdikvskyxhqjb.jpg,
sun_brugfzcyvucfykxi.jpg,
sun_brugvldtbbddvmbi.jpg,
sun_brujfrqypophmptj.jpg,
sun_bsdahdiynyufiapm.jpg,
sun_bseouozluioetgfw.jpg,
sun_bskfwjcrunnwtcdy.jpg,
sun_bsmhtwbgdgljpbay.jpg,
sun_bsngmrybxmosxbwi.jpg,
sun_bsnuawudjsakufhe.jpg,
sun_bsrearqsgdndupae.jpg,
sun_bsupmezkbhcmuify.jpg,
sun_bsxzyokauulxsnjp.jpg,
sun_btahhkijpvkivzsf.jpg,
sun_btawmmnkjfcsazbk.jpg,
sun_btelomlulxwjfvlz.jpg,
sun_bthzjyejfafhujuy.jpg,
sun_btijypgrzcjqmvbf.jpg,
sun_btjtfrsfawaymlwc.jpg,
sun_btraqsfpiuexbuxa.jpg,
sun_btwjdccmurbepxvn.jpg,
sun_btxeuzsgicowzycc.jpg,
sun_buqyqotpkxwsxwrq.jpg,
sun_burskrdjpeenfhlb.jpg,
sun_busrjelvdavjfvcg.jpg,
sun_buuvnefnskbqlnqv.jpg,
sun_buyxiaambrtnnfmf.jpg,
sun_bvdanuindktkfvwv.jpg,
sun_bveuaorvttszkzqy.jpg,
sun_bvgdshdefudyedlk.jpg,
sun_bvpoodixswoxsivw.jpg,
sun_bvrzfxxxhinynrcp.jpg,
sun_bvsxbruedldukrqb.jpg,
sun_bvwfmqgdndqgwqte.jpg,
sun_bvzicsbwuqagkqhi.jpg,
sun_bvzypfvninrruvxt.jpg,
sun_bwoafxpkvztomgwt.jpg,
sun_bwqtinrcopubsbep.jpg,
sun_bwvwmesihdjxgbwi.jpg,
sun_bwxprldpzjnjalgr.jpg,
sun_bwxzuuangakcnnxl.jpg,
sun_bwyvjvbstktkkbif.jpg,
sun_bxhqcyesydplxmdn.jpg,
sun_bxigypqteikkposh.jpg,
sun_bxjluhpvcpubhbgh.jpg,
sun_bxtgeryygshaeeuf.jpg,
sun_bxvpiszjayctcsgc.jpg,
sun_byaepykrqvenaqqy.jpg,
sun_bybgdtupgxevcsvf.jpg,
sun_byfzluhxgopuklwm.jpg,
sun_bygxvehuaqtuehvm.jpg,
sun_byomsohhdincqflx.jpg,
sun_byoywzqjyowpxnxc.jpg,
sun_byyadpigregrippb.jpg,
sun_byypwtdjrjzqsjsi.jpg,
sun_bzbiinecwdqihjfi.jpg,
sun_bzbxjqpqajyurlbv.jpg,
sun_bzcqifbgvcjqsyxi.jpg,
sun_bzdcfoltkmpoxnqn.jpg,
sun_bzlmupmmiqdoxiio.jpg,
sun_bzlptrlqeqgnosiz.jpg,
sun_bznqljnmqdmmjriw.jpg,
sun_bzoalkiyvrmixcgj.jpg,
sun_bztqlyoufktfzfgh.jpg,
sun_bzwapiwrbflddqhn.jpg,
sun_bzxyhsttxnvinhfh.jpg,
sun_bzyhnyttxejyxrpi.jpg,
sun_cgykqeghxwrgquee.jpg,
sun_cqvyjlbnskgyeiwh.jpg,
sun_damblifveratzgms.jpg,
sun_dclgfcodhoqmmzdy.jpg,
sun_dghkcazouakburpx.jpg,
sun_dhoobuyhioygzrip.jpg,
sun_dkfakyvwgejjfjaa.jpg,
sun_dnwsqxdflyvaeehr.jpg,
sun_dptagirglxeeqnlz.jpg,
sun_dtwlwgpdwoavvhhf.jpg,
sun_duaokybpkgtpnbfj.jpg,
sun_dvyelybsnxjspjbk.jpg,
sun_dzfbspmztsvwjkyb.jpg,
sun_dztmbippyztfbqwn.jpg,
